439570	Aevis Europa S.L.			
487105	Aevis Europa S.L.			
463328	Airwallex (Netherlands) B.V.			
463329	Airwallex (Netherlands) B.V.			
463331	Airwallex (Netherlands) B.V.			
538732	ALLIED WALLET LTD			
539263	ALLIED WALLET LTD			
557347	ALLIED WALLET LTD			
510215	ALPHA BANK	/ContentCommon/payments/icons/bank_icons/cy/web/cy_web_alpha_1.svg	/ContentCommon/payments/icons/bank_icons/cy/mobile/cy_mobile_alpha_1.png	/ContentCommon/payments/icons/bank_icons/cy/mobweb/cy_mobileweb_alpha_1.svg
515511	ALPHA BANK	/ContentCommon/payments/icons/bank_icons/cy/web/cy_web_alpha_1.svg	/ContentCommon/payments/icons/bank_icons/cy/mobile/cy_mobile_alpha_1.png	/ContentCommon/payments/icons/bank_icons/cy/mobweb/cy_mobileweb_alpha_1.svg
516779	ALPHA BANK	/ContentCommon/payments/icons/bank_icons/cy/web/cy_web_alpha_1.svg	/ContentCommon/payments/icons/bank_icons/cy/mobile/cy_mobile_alpha_1.png	/ContentCommon/payments/icons/bank_icons/cy/mobweb/cy_mobileweb_alpha_1.svg
518051	ALPHA BANK	/ContentCommon/payments/icons/bank_icons/cy/web/cy_web_alpha_1.svg	/ContentCommon/payments/icons/bank_icons/cy/mobile/cy_mobile_alpha_1.png	/ContentCommon/payments/icons/bank_icons/cy/mobweb/cy_mobileweb_alpha_1.svg
526764	ALPHA BANK	/ContentCommon/payments/icons/bank_icons/cy/web/cy_web_alpha_1.svg	/ContentCommon/payments/icons/bank_icons/cy/mobile/cy_mobile_alpha_1.png	/ContentCommon/payments/icons/bank_icons/cy/mobweb/cy_mobileweb_alpha_1.svg
537213	ALPHA BANK	/ContentCommon/payments/icons/bank_icons/cy/web/cy_web_alpha_1.svg	/ContentCommon/payments/icons/bank_icons/cy/mobile/cy_mobile_alpha_1.png	/ContentCommon/payments/icons/bank_icons/cy/mobweb/cy_mobileweb_alpha_1.svg
537235	ALPHA BANK	/ContentCommon/payments/icons/bank_icons/cy/web/cy_web_alpha_1.svg	/ContentCommon/payments/icons/bank_icons/cy/mobile/cy_mobile_alpha_1.png	/ContentCommon/payments/icons/bank_icons/cy/mobweb/cy_mobileweb_alpha_1.svg
537245	ALPHA BANK	/ContentCommon/payments/icons/bank_icons/cy/web/cy_web_alpha_1.svg	/ContentCommon/payments/icons/bank_icons/cy/mobile/cy_mobile_alpha_1.png	/ContentCommon/payments/icons/bank_icons/cy/mobweb/cy_mobileweb_alpha_1.svg
537485	ALPHA BANK	/ContentCommon/payments/icons/bank_icons/cy/web/cy_web_alpha_1.svg	/ContentCommon/payments/icons/bank_icons/cy/mobile/cy_mobile_alpha_1.png	/ContentCommon/payments/icons/bank_icons/cy/mobweb/cy_mobileweb_alpha_1.svg
415193	Alpha Bank Cyprus Ltd	/ContentCommon/payments/icons/bank_icons/cy/web/cy_web_alpha_1.svg	/ContentCommon/payments/icons/bank_icons/cy/mobile/cy_mobile_alpha_1.png	/ContentCommon/payments/icons/bank_icons/cy/mobweb/cy_mobileweb_alpha_1.svg
415914	Alpha Bank Cyprus Ltd	/ContentCommon/payments/icons/bank_icons/cy/web/cy_web_alpha_1.svg	/ContentCommon/payments/icons/bank_icons/cy/mobile/cy_mobile_alpha_1.png	/ContentCommon/payments/icons/bank_icons/cy/mobweb/cy_mobileweb_alpha_1.svg
415915	Alpha Bank Cyprus Ltd	/ContentCommon/payments/icons/bank_icons/cy/web/cy_web_alpha_1.svg	/ContentCommon/payments/icons/bank_icons/cy/mobile/cy_mobile_alpha_1.png	/ContentCommon/payments/icons/bank_icons/cy/mobweb/cy_mobileweb_alpha_1.svg
415917	Alpha Bank Cyprus Ltd	/ContentCommon/payments/icons/bank_icons/cy/web/cy_web_alpha_1.svg	/ContentCommon/payments/icons/bank_icons/cy/mobile/cy_mobile_alpha_1.png	/ContentCommon/payments/icons/bank_icons/cy/mobweb/cy_mobileweb_alpha_1.svg
523818	BANK OF CYPRUS PUBLIC COMPANY	/ContentCommon/payments/icons/bank_icons/cy/web/cy_web_bankofcyprus_1.svg	/ContentCommon/payments/icons/bank_icons/cy/mobile/cy_mobile_bankofcyprus_1.png	/ContentCommon/payments/icons/bank_icons/cy/mobweb/cy_mobileweb_bankofcyprus_1.svg
526253	BANK OF CYPRUS PUBLIC COMPANY	/ContentCommon/payments/icons/bank_icons/cy/web/cy_web_bankofcyprus_1.svg	/ContentCommon/payments/icons/bank_icons/cy/mobile/cy_mobile_bankofcyprus_1.png	/ContentCommon/payments/icons/bank_icons/cy/mobweb/cy_mobileweb_bankofcyprus_1.svg
533524	BANK OF CYPRUS PUBLIC COMPANY	/ContentCommon/payments/icons/bank_icons/cy/web/cy_web_bankofcyprus_1.svg	/ContentCommon/payments/icons/bank_icons/cy/mobile/cy_mobile_bankofcyprus_1.png	/ContentCommon/payments/icons/bank_icons/cy/mobweb/cy_mobileweb_bankofcyprus_1.svg
535496	BANK OF CYPRUS PUBLIC COMPANY	/ContentCommon/payments/icons/bank_icons/cy/web/cy_web_bankofcyprus_1.svg	/ContentCommon/payments/icons/bank_icons/cy/mobile/cy_mobile_bankofcyprus_1.png	/ContentCommon/payments/icons/bank_icons/cy/mobweb/cy_mobileweb_bankofcyprus_1.svg
535558	BANK OF CYPRUS PUBLIC COMPANY	/ContentCommon/payments/icons/bank_icons/cy/web/cy_web_bankofcyprus_1.svg	/ContentCommon/payments/icons/bank_icons/cy/mobile/cy_mobile_bankofcyprus_1.png	/ContentCommon/payments/icons/bank_icons/cy/mobweb/cy_mobileweb_bankofcyprus_1.svg
537416	BANK OF CYPRUS PUBLIC COMPANY	/ContentCommon/payments/icons/bank_icons/cy/web/cy_web_bankofcyprus_1.svg	/ContentCommon/payments/icons/bank_icons/cy/mobile/cy_mobile_bankofcyprus_1.png	/ContentCommon/payments/icons/bank_icons/cy/mobweb/cy_mobileweb_bankofcyprus_1.svg
542022	BANK OF CYPRUS PUBLIC COMPANY	/ContentCommon/payments/icons/bank_icons/cy/web/cy_web_bankofcyprus_1.svg	/ContentCommon/payments/icons/bank_icons/cy/mobile/cy_mobile_bankofcyprus_1.png	/ContentCommon/payments/icons/bank_icons/cy/mobweb/cy_mobileweb_bankofcyprus_1.svg
559522	BANK OF CYPRUS PUBLIC COMPANY	/ContentCommon/payments/icons/bank_icons/cy/web/cy_web_bankofcyprus_1.svg	/ContentCommon/payments/icons/bank_icons/cy/mobile/cy_mobile_bankofcyprus_1.png	/ContentCommon/payments/icons/bank_icons/cy/mobweb/cy_mobileweb_bankofcyprus_1.svg
403017	Bank of Cyprus Public Company Limited	/ContentCommon/payments/icons/bank_icons/cy/web/cy_web_bankofcyprus_1.svg	/ContentCommon/payments/icons/bank_icons/cy/mobile/cy_mobile_bankofcyprus_1.png	/ContentCommon/payments/icons/bank_icons/cy/mobweb/cy_mobileweb_bankofcyprus_1.svg
403018	Bank of Cyprus Public Company Limited	/ContentCommon/payments/icons/bank_icons/cy/web/cy_web_bankofcyprus_1.svg	/ContentCommon/payments/icons/bank_icons/cy/mobile/cy_mobile_bankofcyprus_1.png	/ContentCommon/payments/icons/bank_icons/cy/mobweb/cy_mobileweb_bankofcyprus_1.svg
419955	Bank of Cyprus Public Company Limited	/ContentCommon/payments/icons/bank_icons/cy/web/cy_web_bankofcyprus_1.svg	/ContentCommon/payments/icons/bank_icons/cy/mobile/cy_mobile_bankofcyprus_1.png	/ContentCommon/payments/icons/bank_icons/cy/mobweb/cy_mobileweb_bankofcyprus_1.svg
423896	Bank of Cyprus Public Company Limited	/ContentCommon/payments/icons/bank_icons/cy/web/cy_web_bankofcyprus_1.svg	/ContentCommon/payments/icons/bank_icons/cy/mobile/cy_mobile_bankofcyprus_1.png	/ContentCommon/payments/icons/bank_icons/cy/mobweb/cy_mobileweb_bankofcyprus_1.svg
446039	Bank of Cyprus Public Company Limited	/ContentCommon/payments/icons/bank_icons/cy/web/cy_web_bankofcyprus_1.svg	/ContentCommon/payments/icons/bank_icons/cy/mobile/cy_mobile_bankofcyprus_1.png	/ContentCommon/payments/icons/bank_icons/cy/mobweb/cy_mobileweb_bankofcyprus_1.svg
446040	Bank of Cyprus Public Company Limited	/ContentCommon/payments/icons/bank_icons/cy/web/cy_web_bankofcyprus_1.svg	/ContentCommon/payments/icons/bank_icons/cy/mobile/cy_mobile_bankofcyprus_1.png	/ContentCommon/payments/icons/bank_icons/cy/mobweb/cy_mobileweb_bankofcyprus_1.svg
446341	Bank of Cyprus Public Company Limited	/ContentCommon/payments/icons/bank_icons/cy/web/cy_web_bankofcyprus_1.svg	/ContentCommon/payments/icons/bank_icons/cy/mobile/cy_mobile_bankofcyprus_1.png	/ContentCommon/payments/icons/bank_icons/cy/mobweb/cy_mobileweb_bankofcyprus_1.svg
446342	Bank of Cyprus Public Company Limited	/ContentCommon/payments/icons/bank_icons/cy/web/cy_web_bankofcyprus_1.svg	/ContentCommon/payments/icons/bank_icons/cy/mobile/cy_mobile_bankofcyprus_1.png	/ContentCommon/payments/icons/bank_icons/cy/mobweb/cy_mobileweb_bankofcyprus_1.svg
451174	Bank of Cyprus Public Company Limited	/ContentCommon/payments/icons/bank_icons/cy/web/cy_web_bankofcyprus_1.svg	/ContentCommon/payments/icons/bank_icons/cy/mobile/cy_mobile_bankofcyprus_1.png	/ContentCommon/payments/icons/bank_icons/cy/mobweb/cy_mobileweb_bankofcyprus_1.svg
454689	Bank of Cyprus Public Company Limited	/ContentCommon/payments/icons/bank_icons/cy/web/cy_web_bankofcyprus_1.svg	/ContentCommon/payments/icons/bank_icons/cy/mobile/cy_mobile_bankofcyprus_1.png	/ContentCommon/payments/icons/bank_icons/cy/mobweb/cy_mobileweb_bankofcyprus_1.svg
454891	Bank of Cyprus Public Company Limited	/ContentCommon/payments/icons/bank_icons/cy/web/cy_web_bankofcyprus_1.svg	/ContentCommon/payments/icons/bank_icons/cy/mobile/cy_mobile_bankofcyprus_1.png	/ContentCommon/payments/icons/bank_icons/cy/mobweb/cy_mobileweb_bankofcyprus_1.svg
489428	Bank of Cyprus Public Company Limited	/ContentCommon/payments/icons/bank_icons/cy/web/cy_web_bankofcyprus_1.svg	/ContentCommon/payments/icons/bank_icons/cy/mobile/cy_mobile_bankofcyprus_1.png	/ContentCommon/payments/icons/bank_icons/cy/mobweb/cy_mobileweb_bankofcyprus_1.svg
511580	BUNQ B.V.			
512458	BUNQ B.V.			
537465	BUNQ B.V.			
537284	CFS-ZIPP LIMITED			
537311	CFS-ZIPP LIMITED			
554543	CHECKOUT SAS			
558226	CHECKOUT SAS			
477777	Conotoxia Sp. z o.o			
456964	CSC Europe Limited			
483652	CSC Europe Limited			
521029	CSC EUROPE LIMITED			
521089	CSC EUROPE LIMITED			
523949	CSC EUROPE LIMITED			
531806	CSC EUROPE LIMITED			
531830	CSC EUROPE LIMITED			
537429	CSC EUROPE LIMITED			
542365	CSC EUROPE LIMITED			
549118	CSC EUROPE LIMITED			
549119	CSC EUROPE LIMITED			
549772	CSC EUROPE LIMITED			
516739	CURVE UK LIMITED			
537214	CURVE UK LIMITED			
537229	CURVE UK LIMITED			
557427	CURVE UK LIMITED			
557444	CURVE UK LIMITED			
533815	DECTA LIMITED			
539513	DOCK FINANCIAL S.A.			
539562	DOCK FINANCIAL S.A.			
512532	EASY PAYMENT SERVICES EOOD			
545366	EASY PAYMENT SERVICES EOOD			
558716	EASY PAYMENT SERVICES EOOD			
463370	Ecommbx Limited			
463371	Ecommbx Limited			
476243	Ecommbx Limited			
478530	Ecommbx Limited			
459689	eToro Money UK Limited			
400733	Eurobank Cyprus Ltd	/ContentCommon/payments/icons/bank_icons/cy/web/cy_web_eurobank_1.svg	/ContentCommon/payments/icons/bank_icons/cy/mobile/cy_mobile_eurobank_1.png	/ContentCommon/payments/icons/bank_icons/cy/mobweb/cy_mobileweb_eurobank_1.svg
400734	Eurobank Cyprus Ltd	/ContentCommon/payments/icons/bank_icons/cy/web/cy_web_eurobank_1.svg	/ContentCommon/payments/icons/bank_icons/cy/mobile/cy_mobile_eurobank_1.png	/ContentCommon/payments/icons/bank_icons/cy/mobweb/cy_mobileweb_eurobank_1.svg
400735	Eurobank Cyprus Ltd	/ContentCommon/payments/icons/bank_icons/cy/web/cy_web_eurobank_1.svg	/ContentCommon/payments/icons/bank_icons/cy/mobile/cy_mobile_eurobank_1.png	/ContentCommon/payments/icons/bank_icons/cy/mobweb/cy_mobileweb_eurobank_1.svg
400736	Eurobank Cyprus Ltd	/ContentCommon/payments/icons/bank_icons/cy/web/cy_web_eurobank_1.svg	/ContentCommon/payments/icons/bank_icons/cy/mobile/cy_mobile_eurobank_1.png	/ContentCommon/payments/icons/bank_icons/cy/mobweb/cy_mobileweb_eurobank_1.svg
535802	FASTERPAY LIMITED			
537282	FASTERPAY LIMITED			
516855	FINANCE INCORPORATED LTD			
526544	FINANCE INCORPORATED LTD			
498398	Finom Payments B.V.			
513359	HELLENIC BANK PUBLIC COMPANY L	/ContentCommon/payments/icons/bank_icons/cy/web/cy_web_hellenic_1.svg	/ContentCommon/payments/icons/bank_icons/cy/mobile/cy_mobile_hellenic_1.png	/ContentCommon/payments/icons/bank_icons/cy/mobweb/cy_mobileweb_hellenic_1.svg
520627	HELLENIC BANK PUBLIC COMPANY L	/ContentCommon/payments/icons/bank_icons/cy/web/cy_web_hellenic_1.svg	/ContentCommon/payments/icons/bank_icons/cy/mobile/cy_mobile_hellenic_1.png	/ContentCommon/payments/icons/bank_icons/cy/mobweb/cy_mobileweb_hellenic_1.svg
521436	HELLENIC BANK PUBLIC COMPANY L	/ContentCommon/payments/icons/bank_icons/cy/web/cy_web_hellenic_1.svg	/ContentCommon/payments/icons/bank_icons/cy/mobile/cy_mobile_hellenic_1.png	/ContentCommon/payments/icons/bank_icons/cy/mobweb/cy_mobileweb_hellenic_1.svg
531769	HELLENIC BANK PUBLIC COMPANY L	/ContentCommon/payments/icons/bank_icons/cy/web/cy_web_hellenic_1.svg	/ContentCommon/payments/icons/bank_icons/cy/mobile/cy_mobile_hellenic_1.png	/ContentCommon/payments/icons/bank_icons/cy/mobweb/cy_mobileweb_hellenic_1.svg
532567	HELLENIC BANK PUBLIC COMPANY L	/ContentCommon/payments/icons/bank_icons/cy/web/cy_web_hellenic_1.svg	/ContentCommon/payments/icons/bank_icons/cy/mobile/cy_mobile_hellenic_1.png	/ContentCommon/payments/icons/bank_icons/cy/mobweb/cy_mobileweb_hellenic_1.svg
535003	HELLENIC BANK PUBLIC COMPANY L	/ContentCommon/payments/icons/bank_icons/cy/web/cy_web_hellenic_1.svg	/ContentCommon/payments/icons/bank_icons/cy/mobile/cy_mobile_hellenic_1.png	/ContentCommon/payments/icons/bank_icons/cy/mobweb/cy_mobileweb_hellenic_1.svg
539132	HELLENIC BANK PUBLIC COMPANY L	/ContentCommon/payments/icons/bank_icons/cy/web/cy_web_hellenic_1.svg	/ContentCommon/payments/icons/bank_icons/cy/mobile/cy_mobile_hellenic_1.png	/ContentCommon/payments/icons/bank_icons/cy/mobweb/cy_mobileweb_hellenic_1.svg
541085	HELLENIC BANK PUBLIC COMPANY L	/ContentCommon/payments/icons/bank_icons/cy/web/cy_web_hellenic_1.svg	/ContentCommon/payments/icons/bank_icons/cy/mobile/cy_mobile_hellenic_1.png	/ContentCommon/payments/icons/bank_icons/cy/mobweb/cy_mobileweb_hellenic_1.svg
542434	HELLENIC BANK PUBLIC COMPANY L	/ContentCommon/payments/icons/bank_icons/cy/web/cy_web_hellenic_1.svg	/ContentCommon/payments/icons/bank_icons/cy/mobile/cy_mobile_hellenic_1.png	/ContentCommon/payments/icons/bank_icons/cy/mobweb/cy_mobileweb_hellenic_1.svg
545123	HELLENIC BANK PUBLIC COMPANY L	/ContentCommon/payments/icons/bank_icons/cy/web/cy_web_hellenic_1.svg	/ContentCommon/payments/icons/bank_icons/cy/mobile/cy_mobile_hellenic_1.png	/ContentCommon/payments/icons/bank_icons/cy/mobweb/cy_mobileweb_hellenic_1.svg
545843	HELLENIC BANK PUBLIC COMPANY L	/ContentCommon/payments/icons/bank_icons/cy/web/cy_web_hellenic_1.svg	/ContentCommon/payments/icons/bank_icons/cy/mobile/cy_mobile_hellenic_1.png	/ContentCommon/payments/icons/bank_icons/cy/mobweb/cy_mobileweb_hellenic_1.svg
548508	HELLENIC BANK PUBLIC COMPANY L	/ContentCommon/payments/icons/bank_icons/cy/web/cy_web_hellenic_1.svg	/ContentCommon/payments/icons/bank_icons/cy/mobile/cy_mobile_hellenic_1.png	/ContentCommon/payments/icons/bank_icons/cy/mobweb/cy_mobileweb_hellenic_1.svg
550251	HELLENIC BANK PUBLIC COMPANY L	/ContentCommon/payments/icons/bank_icons/cy/web/cy_web_hellenic_1.svg	/ContentCommon/payments/icons/bank_icons/cy/mobile/cy_mobile_hellenic_1.png	/ContentCommon/payments/icons/bank_icons/cy/mobweb/cy_mobileweb_hellenic_1.svg
552146	HELLENIC BANK PUBLIC COMPANY L	/ContentCommon/payments/icons/bank_icons/cy/web/cy_web_hellenic_1.svg	/ContentCommon/payments/icons/bank_icons/cy/mobile/cy_mobile_hellenic_1.png	/ContentCommon/payments/icons/bank_icons/cy/mobweb/cy_mobileweb_hellenic_1.svg
552147	HELLENIC BANK PUBLIC COMPANY L	/ContentCommon/payments/icons/bank_icons/cy/web/cy_web_hellenic_1.svg	/ContentCommon/payments/icons/bank_icons/cy/mobile/cy_mobile_hellenic_1.png	/ContentCommon/payments/icons/bank_icons/cy/mobweb/cy_mobileweb_hellenic_1.svg
559917	HELLENIC BANK PUBLIC COMPANY L	/ContentCommon/payments/icons/bank_icons/cy/web/cy_web_hellenic_1.svg	/ContentCommon/payments/icons/bank_icons/cy/mobile/cy_mobile_hellenic_1.png	/ContentCommon/payments/icons/bank_icons/cy/mobweb/cy_mobileweb_hellenic_1.svg
402023	Hellenic Bank Public Company Limited	/ContentCommon/payments/icons/bank_icons/cy/web/cy_web_hellenic_1.svg	/ContentCommon/payments/icons/bank_icons/cy/mobile/cy_mobile_hellenic_1.png	/ContentCommon/payments/icons/bank_icons/cy/mobweb/cy_mobileweb_hellenic_1.svg
417325	Hellenic Bank Public Company Limited	/ContentCommon/payments/icons/bank_icons/cy/web/cy_web_hellenic_1.svg	/ContentCommon/payments/icons/bank_icons/cy/mobile/cy_mobile_hellenic_1.png	/ContentCommon/payments/icons/bank_icons/cy/mobweb/cy_mobileweb_hellenic_1.svg
420012	Hellenic Bank Public Company Limited	/ContentCommon/payments/icons/bank_icons/cy/web/cy_web_hellenic_1.svg	/ContentCommon/payments/icons/bank_icons/cy/mobile/cy_mobile_hellenic_1.png	/ContentCommon/payments/icons/bank_icons/cy/mobweb/cy_mobileweb_hellenic_1.svg
429701	Hellenic Bank Public Company Limited	/ContentCommon/payments/icons/bank_icons/cy/web/cy_web_hellenic_1.svg	/ContentCommon/payments/icons/bank_icons/cy/mobile/cy_mobile_hellenic_1.png	/ContentCommon/payments/icons/bank_icons/cy/mobweb/cy_mobileweb_hellenic_1.svg
440621	Hellenic Bank Public Company Limited	/ContentCommon/payments/icons/bank_icons/cy/web/cy_web_hellenic_1.svg	/ContentCommon/payments/icons/bank_icons/cy/mobile/cy_mobile_hellenic_1.png	/ContentCommon/payments/icons/bank_icons/cy/mobweb/cy_mobileweb_hellenic_1.svg
456748	Hellenic Bank Public Company Limited	/ContentCommon/payments/icons/bank_icons/cy/web/cy_web_hellenic_1.svg	/ContentCommon/payments/icons/bank_icons/cy/mobile/cy_mobile_hellenic_1.png	/ContentCommon/payments/icons/bank_icons/cy/mobweb/cy_mobileweb_hellenic_1.svg
456749	Hellenic Bank Public Company Limited	/ContentCommon/payments/icons/bank_icons/cy/web/cy_web_hellenic_1.svg	/ContentCommon/payments/icons/bank_icons/cy/mobile/cy_mobile_hellenic_1.png	/ContentCommon/payments/icons/bank_icons/cy/mobweb/cy_mobileweb_hellenic_1.svg
456750	Hellenic Bank Public Company Limited	/ContentCommon/payments/icons/bank_icons/cy/web/cy_web_hellenic_1.svg	/ContentCommon/payments/icons/bank_icons/cy/mobile/cy_mobile_hellenic_1.png	/ContentCommon/payments/icons/bank_icons/cy/mobweb/cy_mobileweb_hellenic_1.svg
456763	Hellenic Bank Public Company Limited	/ContentCommon/payments/icons/bank_icons/cy/web/cy_web_hellenic_1.svg	/ContentCommon/payments/icons/bank_icons/cy/mobile/cy_mobile_hellenic_1.png	/ContentCommon/payments/icons/bank_icons/cy/mobweb/cy_mobileweb_hellenic_1.svg
456764	Hellenic Bank Public Company Limited	/ContentCommon/payments/icons/bank_icons/cy/web/cy_web_hellenic_1.svg	/ContentCommon/payments/icons/bank_icons/cy/mobile/cy_mobile_hellenic_1.png	/ContentCommon/payments/icons/bank_icons/cy/mobweb/cy_mobileweb_hellenic_1.svg
456765	Hellenic Bank Public Company Limited	/ContentCommon/payments/icons/bank_icons/cy/web/cy_web_hellenic_1.svg	/ContentCommon/payments/icons/bank_icons/cy/mobile/cy_mobile_hellenic_1.png	/ContentCommon/payments/icons/bank_icons/cy/mobweb/cy_mobileweb_hellenic_1.svg
456779	Hellenic Bank Public Company Limited	/ContentCommon/payments/icons/bank_icons/cy/web/cy_web_hellenic_1.svg	/ContentCommon/payments/icons/bank_icons/cy/mobile/cy_mobile_hellenic_1.png	/ContentCommon/payments/icons/bank_icons/cy/mobweb/cy_mobileweb_hellenic_1.svg
477926	Hellenic Bank Public Company Limited	/ContentCommon/payments/icons/bank_icons/cy/web/cy_web_hellenic_1.svg	/ContentCommon/payments/icons/bank_icons/cy/mobile/cy_mobile_hellenic_1.png	/ContentCommon/payments/icons/bank_icons/cy/mobweb/cy_mobileweb_hellenic_1.svg
527651	IDT FINANCIAL  SERVICES LIMITE			
481044	Intergiro International Stockholm AB (publ)			
530925	INTERGIRO INTL AB (PUBL)			
535800	INTERGIRO INTL AB (PUBL)			
534096	JIFITI.COM INC			
439653	JoomPay Europe S.A.			
523779	JSC CB PRIVATBANK			
524933	JSC CB PRIVATBANK			
545122	JSC CB PRIVATBANK			
516758	MONAVATE LIMITED			
535256	MONAVATE LIMITED			
535568	MONAVATE LIMITED			
537331	MONAVATE LIMITED			
537333	MONAVATE LIMITED			
537344	MONAVATE LIMITED			
537358	MONAVATE LIMITED			
537365	MONAVATE LIMITED			
537561	MONAVATE LIMITED			
541362	MONAVATE LIMITED			
547735	MONAVATE LIMITED			
547897	MONAVATE LIMITED			
516731	MOORWAND LTD			
516921	MOORWAND LTD			
522091	MOORWAND LTD			
534037	MOORWAND LTD			
535101	MOORWAND LTD			
535790	MOORWAND LTD			
535804	MOORWAND LTD			
537296	MOORWAND LTD			
537471	MOORWAND LTD			
537557	MOORWAND LTD			
548039	MOORWAND LTD			
554626	MOORWAND LTD			
535251	N26 GMBH	/ContentCommon/payments/icons/bank_icons/gr/web/gr_web_n26_1.svg	/ContentCommon/payments/icons/bank_icons/gr/mobile/gr_mobile_n26_1.png	/ContentCommon/payments/icons/bank_icons/gr/mobweb/gr_mobileweb_n26_1.svg
535584	N26 GMBH	/ContentCommon/payments/icons/bank_icons/gr/web/gr_web_n26_1.svg	/ContentCommon/payments/icons/bank_icons/gr/mobile/gr_mobile_n26_1.png	/ContentCommon/payments/icons/bank_icons/gr/mobweb/gr_mobileweb_n26_1.svg
535585	N26 GMBH	/ContentCommon/payments/icons/bank_icons/gr/web/gr_web_n26_1.svg	/ContentCommon/payments/icons/bank_icons/gr/mobile/gr_mobile_n26_1.png	/ContentCommon/payments/icons/bank_icons/gr/mobweb/gr_mobileweb_n26_1.svg
535586	N26 GMBH	/ContentCommon/payments/icons/bank_icons/gr/web/gr_web_n26_1.svg	/ContentCommon/payments/icons/bank_icons/gr/mobile/gr_mobile_n26_1.png	/ContentCommon/payments/icons/bank_icons/gr/mobweb/gr_mobileweb_n26_1.svg
535590	N26 GMBH	/ContentCommon/payments/icons/bank_icons/gr/web/gr_web_n26_1.svg	/ContentCommon/payments/icons/bank_icons/gr/mobile/gr_mobile_n26_1.png	/ContentCommon/payments/icons/bank_icons/gr/mobweb/gr_mobileweb_n26_1.svg
537228	N26 GMBH	/ContentCommon/payments/icons/bank_icons/gr/web/gr_web_n26_1.svg	/ContentCommon/payments/icons/bank_icons/gr/mobile/gr_mobile_n26_1.png	/ContentCommon/payments/icons/bank_icons/gr/mobweb/gr_mobileweb_n26_1.svg
535126	NATIONAL BANK OF GREECE (CYPRU	/ContentCommon/payments/icons/bank_icons/cy/web/cy_web_nbg_1.svg	/ContentCommon/payments/icons/bank_icons/cy/mobile/cy_mobile_nbg_1.png	/ContentCommon/payments/icons/bank_icons/cy/mobweb/cy_mobileweb_nbg_1.svg
537417	NATIONAL BANK OF GREECE (CYPRU	/ContentCommon/payments/icons/bank_icons/cy/web/cy_web_nbg_1.svg	/ContentCommon/payments/icons/bank_icons/cy/mobile/cy_mobile_nbg_1.png	/ContentCommon/payments/icons/bank_icons/cy/mobweb/cy_mobileweb_nbg_1.svg
541593	NATIONAL BANK OF GREECE (CYPRU	/ContentCommon/payments/icons/bank_icons/cy/web/cy_web_nbg_1.svg	/ContentCommon/payments/icons/bank_icons/cy/mobile/cy_mobile_nbg_1.png	/ContentCommon/payments/icons/bank_icons/cy/mobweb/cy_mobileweb_nbg_1.svg
589893	NATIONAL BANK OF GREECE (CYPRU	/ContentCommon/payments/icons/bank_icons/cy/web/cy_web_nbg_1.svg	/ContentCommon/payments/icons/bank_icons/cy/mobile/cy_mobile_nbg_1.png	/ContentCommon/payments/icons/bank_icons/cy/mobweb/cy_mobileweb_nbg_1.svg
555758	OONEX SA			
535791	OPTIMUS CARDS UK LIMITED			
537295	OPTIMUS CARDS UK LIMITED			
517339	PAYABL. CY LIMITED			
527098	PAYMENT CARD SOLUTIONS UK LTD			
527099	PAYMENT CARD SOLUTIONS UK LTD			
555955	PAYMENT CARD SOLUTIONS UK LTD			
557573	PAYMENT CARD SOLUTIONS UK LTD			
521492	PAYNETICS EAD			
522943	PAYNETICS EAD			
517094	PAYONEER EUROPE LIMITED			
522692	PAYONEER EUROPE LIMITED			
487847	PayrNet Limited			
510449	PAYRNET LIMITED			
511673	PAYRNET LIMITED			
516281	PAYRNET LIMITED			
517147	PAYRNET LIMITED			
527483	PAYRNET LIMITED			
527624	PAYRNET LIMITED			
529069	PAYRNET LIMITED			
531621	PAYRNET LIMITED			
531997	PAYRNET LIMITED			
532993	PAYRNET LIMITED			
535254	PAYRNET LIMITED			
535304	PAYRNET LIMITED			
535469	PAYRNET LIMITED			
535699	PAYRNET LIMITED			
535794	PAYRNET LIMITED			
537220	PAYRNET LIMITED			
537227	PAYRNET LIMITED			
537230	PAYRNET LIMITED			
537231	PAYRNET LIMITED			
537232	PAYRNET LIMITED			
537241	PAYRNET LIMITED			
537246	PAYRNET LIMITED			
537261	PAYRNET LIMITED			
537292	PAYRNET LIMITED			
537306	PAYRNET LIMITED			
537352	PAYRNET LIMITED			
537354	PAYRNET LIMITED			
537357	PAYRNET LIMITED			
537390	PAYRNET LIMITED			
537411	PAYRNET LIMITED			
537486	PAYRNET LIMITED			
541777	PAYRNET LIMITED			
544804	PAYRNET LIMITED			
544849	PAYRNET LIMITED			
545602	PAYRNET LIMITED			
548580	PAYRNET LIMITED			
558419	PAYRNET LIMITED			
529559	PAYSAFE FINANCIAL SERVICES LIM			
530649	PAYSAFE FINANCIAL SERVICES LIM			
530883	PAYSAFE FINANCIAL SERVICES LIM			
531743	PAYSAFE FINANCIAL SERVICES LIM			
533952	PAYSAFE FINANCIAL SERVICES LIM			
539125	PAYSAFE FINANCIAL SERVICES LIM			
539258	PAYSAFE FINANCIAL SERVICES LIM			
401998	Paysafe Payment Solutions Limited			
516785	PAYSEND PLC			
555474	PAYTEND EUROPE UAB			
559012	PAYTEND EUROPE UAB			
519159	PLEO FINANCIAL SERVICES APS			
527806	PREPAID FINANCIAL SERVICES LTD			
529565	PREPAID FINANCIAL SERVICES LTD			
530673	PREPAID FINANCIAL SERVICES LTD			
531759	PREPAID FINANCIAL SERVICES LTD			
531872	PREPAID FINANCIAL SERVICES LTD			
533939	PREPAID FINANCIAL SERVICES LTD			
544245	PREPAID FINANCIAL SERVICES LTD			
553009	PREPAID FINANCIAL SERVICES LTD			
553010	PREPAID FINANCIAL SERVICES LTD			
553011	PREPAID FINANCIAL SERVICES LTD			
533986	PREPAID SERVICES COMPANY LIMIT			
539572	PREPAID SERVICES COMPANY LIMIT			
535205	PSI- PAY LIMITED	/ContentCommon/payments/icons/bank_icons/cy/web/cy_web_psi-pay_1.svg	/ContentCommon/payments/icons/bank_icons/cy/mobile/cy_mobile_psi-pay_1.png	/ContentCommon/payments/icons/bank_icons/cy/mobweb/cy_mobileweb_psi-pay_1.svg
535309	PSI- PAY LIMITED	/ContentCommon/payments/icons/bank_icons/cy/web/cy_web_psi-pay_1.svg	/ContentCommon/payments/icons/bank_icons/cy/mobile/cy_mobile_psi-pay_1.png	/ContentCommon/payments/icons/bank_icons/cy/mobweb/cy_mobileweb_psi-pay_1.svg
535427	PSI- PAY LIMITED	/ContentCommon/payments/icons/bank_icons/cy/web/cy_web_psi-pay_1.svg	/ContentCommon/payments/icons/bank_icons/cy/mobile/cy_mobile_psi-pay_1.png	/ContentCommon/payments/icons/bank_icons/cy/mobweb/cy_mobileweb_psi-pay_1.svg
537562	PSI- PAY LIMITED	/ContentCommon/payments/icons/bank_icons/cy/web/cy_web_psi-pay_1.svg	/ContentCommon/payments/icons/bank_icons/cy/mobile/cy_mobile_psi-pay_1.png	/ContentCommon/payments/icons/bank_icons/cy/mobweb/cy_mobileweb_psi-pay_1.svg
479904	RCB Bank Ltd			
479905	RCB Bank Ltd			
479906	RCB Bank Ltd			
479907	RCB Bank Ltd			
483633	RCB Bank Ltd			
516788	RCB BANK LTD			
516797	RCB BANK LTD			
525465	RCB BANK LTD			
537448	RCB BANK LTD			
538016	RCB BANK LTD			
544626	RCB BANK LTD			
553028	RCB BANK LTD			
554037	RCB BANK LTD			
416556	REVOLUT LIMITED	/ContentCommon/payments/icons/bank_icons/cy/web/cy_web_revolut_1.svg	/ContentCommon/payments/icons/bank_icons/cy/mobile/cy_mobile_revolut_1.png	/ContentCommon/payments/icons/bank_icons/cy/mobweb/cy_mobileweb_revolut_1.svg
416598	REVOLUT LIMITED	/ContentCommon/payments/icons/bank_icons/cy/web/cy_web_revolut_1.svg	/ContentCommon/payments/icons/bank_icons/cy/mobile/cy_mobile_revolut_1.png	/ContentCommon/payments/icons/bank_icons/cy/mobweb/cy_mobileweb_revolut_1.svg
459654	REVOLUT LIMITED	/ContentCommon/payments/icons/bank_icons/cy/web/cy_web_revolut_1.svg	/ContentCommon/payments/icons/bank_icons/cy/mobile/cy_mobile_revolut_1.png	/ContentCommon/payments/icons/bank_icons/cy/mobweb/cy_mobileweb_revolut_1.svg
463383	REVOLUT LIMITED	/ContentCommon/payments/icons/bank_icons/cy/web/cy_web_revolut_1.svg	/ContentCommon/payments/icons/bank_icons/cy/mobile/cy_mobile_revolut_1.png	/ContentCommon/payments/icons/bank_icons/cy/mobweb/cy_mobileweb_revolut_1.svg
463383	REVOLUT LIMITED	/ContentCommon/payments/icons/bank_icons/cy/web/cy_web_revolut_1.svg	/ContentCommon/payments/icons/bank_icons/cy/mobile/cy_mobile_revolut_1.png	/ContentCommon/payments/icons/bank_icons/cy/mobweb/cy_mobileweb_revolut_1.svg
463385	REVOLUT LIMITED	/ContentCommon/payments/icons/bank_icons/cy/web/cy_web_revolut_1.svg	/ContentCommon/payments/icons/bank_icons/cy/mobile/cy_mobile_revolut_1.png	/ContentCommon/payments/icons/bank_icons/cy/mobweb/cy_mobileweb_revolut_1.svg
463387	REVOLUT LIMITED	/ContentCommon/payments/icons/bank_icons/cy/web/cy_web_revolut_1.svg	/ContentCommon/payments/icons/bank_icons/cy/mobile/cy_mobile_revolut_1.png	/ContentCommon/payments/icons/bank_icons/cy/mobweb/cy_mobileweb_revolut_1.svg
516760	REVOLUT LTD	/ContentCommon/payments/icons/bank_icons/cy/web/cy_web_revolut_1.svg	/ContentCommon/payments/icons/bank_icons/cy/mobile/cy_mobile_revolut_1.png	/ContentCommon/payments/icons/bank_icons/cy/mobweb/cy_mobileweb_revolut_1.svg
516794	REVOLUT LTD	/ContentCommon/payments/icons/bank_icons/cy/web/cy_web_revolut_1.svg	/ContentCommon/payments/icons/bank_icons/cy/mobile/cy_mobile_revolut_1.png	/ContentCommon/payments/icons/bank_icons/cy/mobweb/cy_mobileweb_revolut_1.svg
516879	REVOLUT LTD	/ContentCommon/payments/icons/bank_icons/cy/web/cy_web_revolut_1.svg	/ContentCommon/payments/icons/bank_icons/cy/mobile/cy_mobile_revolut_1.png	/ContentCommon/payments/icons/bank_icons/cy/mobweb/cy_mobileweb_revolut_1.svg
523841	REVOLUT LTD	/ContentCommon/payments/icons/bank_icons/cy/web/cy_web_revolut_1.svg	/ContentCommon/payments/icons/bank_icons/cy/mobile/cy_mobile_revolut_1.png	/ContentCommon/payments/icons/bank_icons/cy/mobweb/cy_mobileweb_revolut_1.svg
527346	REVOLUT LTD	/ContentCommon/payments/icons/bank_icons/cy/web/cy_web_revolut_1.svg	/ContentCommon/payments/icons/bank_icons/cy/mobile/cy_mobile_revolut_1.png	/ContentCommon/payments/icons/bank_icons/cy/mobweb/cy_mobileweb_revolut_1.svg
531423	REVOLUT LTD	/ContentCommon/payments/icons/bank_icons/cy/web/cy_web_revolut_1.svg	/ContentCommon/payments/icons/bank_icons/cy/mobile/cy_mobile_revolut_1.png	/ContentCommon/payments/icons/bank_icons/cy/mobweb/cy_mobileweb_revolut_1.svg
535054	REVOLUT LTD	/ContentCommon/payments/icons/bank_icons/cy/web/cy_web_revolut_1.svg	/ContentCommon/payments/icons/bank_icons/cy/mobile/cy_mobile_revolut_1.png	/ContentCommon/payments/icons/bank_icons/cy/mobweb/cy_mobileweb_revolut_1.svg
535298	REVOLUT LTD	/ContentCommon/payments/icons/bank_icons/cy/web/cy_web_revolut_1.svg	/ContentCommon/payments/icons/bank_icons/cy/mobile/cy_mobile_revolut_1.png	/ContentCommon/payments/icons/bank_icons/cy/mobweb/cy_mobileweb_revolut_1.svg
535456	REVOLUT LTD	/ContentCommon/payments/icons/bank_icons/cy/web/cy_web_revolut_1.svg	/ContentCommon/payments/icons/bank_icons/cy/mobile/cy_mobile_revolut_1.png	/ContentCommon/payments/icons/bank_icons/cy/mobweb/cy_mobileweb_revolut_1.svg
535565	REVOLUT LTD	/ContentCommon/payments/icons/bank_icons/cy/web/cy_web_revolut_1.svg	/ContentCommon/payments/icons/bank_icons/cy/mobile/cy_mobile_revolut_1.png	/ContentCommon/payments/icons/bank_icons/cy/mobweb/cy_mobileweb_revolut_1.svg
535617	REVOLUT LTD	/ContentCommon/payments/icons/bank_icons/cy/web/cy_web_revolut_1.svg	/ContentCommon/payments/icons/bank_icons/cy/mobile/cy_mobile_revolut_1.png	/ContentCommon/payments/icons/bank_icons/cy/mobweb/cy_mobileweb_revolut_1.svg
537212	REVOLUT LTD	/ContentCommon/payments/icons/bank_icons/cy/web/cy_web_revolut_1.svg	/ContentCommon/payments/icons/bank_icons/cy/mobile/cy_mobile_revolut_1.png	/ContentCommon/payments/icons/bank_icons/cy/mobweb/cy_mobileweb_revolut_1.svg
539123	REVOLUT LTD	/ContentCommon/payments/icons/bank_icons/cy/web/cy_web_revolut_1.svg	/ContentCommon/payments/icons/bank_icons/cy/mobile/cy_mobile_revolut_1.png	/ContentCommon/payments/icons/bank_icons/cy/mobweb/cy_mobileweb_revolut_1.svg
541348	REVOLUT LTD	/ContentCommon/payments/icons/bank_icons/cy/web/cy_web_revolut_1.svg	/ContentCommon/payments/icons/bank_icons/cy/mobile/cy_mobile_revolut_1.png	/ContentCommon/payments/icons/bank_icons/cy/mobweb/cy_mobileweb_revolut_1.svg
542062	REVOLUT LTD	/ContentCommon/payments/icons/bank_icons/cy/web/cy_web_revolut_1.svg	/ContentCommon/payments/icons/bank_icons/cy/mobile/cy_mobile_revolut_1.png	/ContentCommon/payments/icons/bank_icons/cy/mobweb/cy_mobileweb_revolut_1.svg
542402	REVOLUT LTD	/ContentCommon/payments/icons/bank_icons/cy/web/cy_web_revolut_1.svg	/ContentCommon/payments/icons/bank_icons/cy/mobile/cy_mobile_revolut_1.png	/ContentCommon/payments/icons/bank_icons/cy/mobweb/cy_mobileweb_revolut_1.svg
544224	REVOLUT LTD	/ContentCommon/payments/icons/bank_icons/cy/web/cy_web_revolut_1.svg	/ContentCommon/payments/icons/bank_icons/cy/mobile/cy_mobile_revolut_1.png	/ContentCommon/payments/icons/bank_icons/cy/mobweb/cy_mobileweb_revolut_1.svg
545357	REVOLUT LTD	/ContentCommon/payments/icons/bank_icons/cy/web/cy_web_revolut_1.svg	/ContentCommon/payments/icons/bank_icons/cy/mobile/cy_mobile_revolut_1.png	/ContentCommon/payments/icons/bank_icons/cy/mobweb/cy_mobileweb_revolut_1.svg
553010	REVOLUT LTD	/ContentCommon/payments/icons/bank_icons/cy/web/cy_web_revolut_1.svg	/ContentCommon/payments/icons/bank_icons/cy/mobile/cy_mobile_revolut_1.png	/ContentCommon/payments/icons/bank_icons/cy/mobweb/cy_mobileweb_revolut_1.svg
559784	REVOLUT LTD	/ContentCommon/payments/icons/bank_icons/cy/web/cy_web_revolut_1.svg	/ContentCommon/payments/icons/bank_icons/cy/mobile/cy_mobile_revolut_1.png	/ContentCommon/payments/icons/bank_icons/cy/mobweb/cy_mobileweb_revolut_1.svg
559790	REVOLUT LTD	/ContentCommon/payments/icons/bank_icons/cy/web/cy_web_revolut_1.svg	/ContentCommon/payments/icons/bank_icons/cy/mobile/cy_mobile_revolut_1.png	/ContentCommon/payments/icons/bank_icons/cy/mobweb/cy_mobileweb_revolut_1.svg
559791	REVOLUT LTD	/ContentCommon/payments/icons/bank_icons/cy/web/cy_web_revolut_1.svg	/ContentCommon/payments/icons/bank_icons/cy/mobile/cy_mobile_revolut_1.png	/ContentCommon/payments/icons/bank_icons/cy/mobweb/cy_mobileweb_revolut_1.svg
678865	REVOLUT LTD	/ContentCommon/payments/icons/bank_icons/cy/web/cy_web_revolut_1.svg	/ContentCommon/payments/icons/bank_icons/cy/mobile/cy_mobile_revolut_1.png	/ContentCommon/payments/icons/bank_icons/cy/mobweb/cy_mobileweb_revolut_1.svg
679014	REVOLUT LTD	/ContentCommon/payments/icons/bank_icons/cy/web/cy_web_revolut_1.svg	/ContentCommon/payments/icons/bank_icons/cy/mobile/cy_mobile_revolut_1.png	/ContentCommon/payments/icons/bank_icons/cy/mobweb/cy_mobileweb_revolut_1.svg
679164	REVOLUT LTD	/ContentCommon/payments/icons/bank_icons/cy/web/cy_web_revolut_1.svg	/ContentCommon/payments/icons/bank_icons/cy/mobile/cy_mobile_revolut_1.png	/ContentCommon/payments/icons/bank_icons/cy/mobweb/cy_mobileweb_revolut_1.svg
679835	REVOLUT LTD	/ContentCommon/payments/icons/bank_icons/cy/web/cy_web_revolut_1.svg	/ContentCommon/payments/icons/bank_icons/cy/mobile/cy_mobile_revolut_1.png	/ContentCommon/payments/icons/bank_icons/cy/mobweb/cy_mobileweb_revolut_1.svg
435044	Revolut Payments UAB	/ContentCommon/payments/icons/bank_icons/cy/web/cy_web_revolut_1.svg	/ContentCommon/payments/icons/bank_icons/cy/mobile/cy_mobile_revolut_1.png	/ContentCommon/payments/icons/bank_icons/cy/mobweb/cy_mobileweb_revolut_1.svg
487856	Revolut Payments UAB	/ContentCommon/payments/icons/bank_icons/cy/web/cy_web_revolut_1.svg	/ContentCommon/payments/icons/bank_icons/cy/mobile/cy_mobile_revolut_1.png	/ContentCommon/payments/icons/bank_icons/cy/mobweb/cy_mobileweb_revolut_1.svg
481032	Simplex Payment Services UAB			
529084	SNAPSWAP INTERNATIONAL SA			
536884	SNAPSWAP INTERNATIONAL SA			
405655	Societe Generale Bank - Cyprus Limited			
405678	Societe Generale Bank - Cyprus Limited			
439737	Societe Generale Bank - Cyprus Limited			
463364	Societe Generale Bank - Cyprus Limited			
511674	SOLDO FINANCIAL SERVICES IRELA			
401830	Stripe Technology Europe Ltd.			
431949	Stripe Technology Europe Ltd.			
439685	Stripe Technology Europe Ltd.			
439686	Stripe Technology Europe Ltd.			
440287	Stripe Technology Europe Ltd.			
463389	Stripe Technology Europe Ltd.			
471534	Stripe Technology Europe Ltd.			
478081	Stripe Technology Europe Ltd.			
512442	SUMUP PAYMENTS LIMITED			
529133	SUMUP PAYMENTS LIMITED			
533270	SUMUP PAYMENTS LIMITED			
545506	SUMUP PAYMENTS LIMITED			
517003	SWAN			
537219	SWAN			
547395	SWAN			
555371	SWAN			
516850	TRANSACT PAYMENTS LIMITED			
519530	TRANSACT PAYMENTS LIMITED			
530764	TRANSACT PAYMENTS LIMITED			
533840	TRANSACT PAYMENTS LIMITED			
534229	TRANSACT PAYMENTS LIMITED			
535812	TRANSACT PAYMENTS LIMITED			
537287	TRANSACT PAYMENTS LIMITED			
537293	TRANSACT PAYMENTS LIMITED			
537294	TRANSACT PAYMENTS LIMITED			
537350	TRANSACT PAYMENTS LIMITED			
544136	TRANSACT PAYMENTS LIMITED			
487419	UAB Finansines paslaugos Contis			
422206	UAB NIUM EU			
422207	UAB NIUM EU			
438584	UAB NIUM EU			
456086	UAB NIUM EU			
456087	UAB NIUM EU			
474560	UAB NIUM EU			
474561	UAB NIUM EU			
417589	UAB PayrNet			
422208	UAB PayrNet			
426527	UAB PayrNet			
456979	UAB PayrNet			
459679	UAB PayrNet			
459680	UAB PayrNet			
465239	UAB PayrNet			
474219	UAB PayrNet			
474517	UAB PayrNet			
481005	UAB PayrNet			
487107	UAB PayrNet			
487108	UAB PayrNet			
532056	UAB SILVERGATE LT			
532220	UAB SILVERGATE LT			
439647	Unlimint EU Ltd			
439648	Unlimint EU Ltd			
439656	Unlimint EU Ltd			
537216	VIVA PAYMENT SERVICES S.A.	/ContentCommon/payments/icons/bank_icons/gr/web/gr_web_viva_wallet_1.svg	/ContentCommon/payments/icons/bank_icons/gr/mobile/gr_mobile_viva_wallet_1.png	/ContentCommon/payments/icons/bank_icons/gr/mobweb/gr_mobileweb_viva_wallet_1.svg
537488	VIVA PAYMENT SERVICES S.A.	/ContentCommon/payments/icons/bank_icons/gr/web/gr_web_viva_wallet_1.svg	/ContentCommon/payments/icons/bank_icons/gr/mobile/gr_mobile_viva_wallet_1.png	/ContentCommon/payments/icons/bank_icons/gr/mobweb/gr_mobileweb_viva_wallet_1.svg
537489	VIVA PAYMENT SERVICES S.A.	/ContentCommon/payments/icons/bank_icons/gr/web/gr_web_viva_wallet_1.svg	/ContentCommon/payments/icons/bank_icons/gr/mobile/gr_mobile_viva_wallet_1.png	/ContentCommon/payments/icons/bank_icons/gr/mobweb/gr_mobileweb_viva_wallet_1.svg
516300	WALLETTO UAB			
535809	WALLETTO UAB			
537389	WIREX LIMITED			
439655	Wise Europe SA/NV	/ContentCommon/payments/icons/bank_icons/cy/web/cy_web_wise_1.svg	/ContentCommon/payments/icons/bank_icons/cy/mobile/cy_mobile_wise_1.png	/ContentCommon/payments/icons/bank_icons/cy/mobweb/cy_mobileweb_wise_1.svg
456933	Wise Europe SA/NV	/ContentCommon/payments/icons/bank_icons/cy/web/cy_web_wise_1.svg	/ContentCommon/payments/icons/bank_icons/cy/mobile/cy_mobile_wise_1.png	/ContentCommon/payments/icons/bank_icons/cy/mobweb/cy_mobileweb_wise_1.svg
516882	WISE PAYMENTS LIMITED			
537434	WISE PAYMENTS LIMITED			
535671	Alpha Bank	/ContentCommon/payments/icons/bank_icons/gr/web/gr_web_alpha_1.svg	/ContentCommon/payments/icons/bank_icons/gr/mobile/gr_mobile_alpha_1.png	/ContentCommon/payments/icons/bank_icons/gr/mobweb/gr_mobileweb_alpha_1.svg
406001	Alpha Bank	/ContentCommon/payments/icons/bank_icons/gr/web/gr_web_alpha_1.svg	/ContentCommon/payments/icons/bank_icons/gr/mobile/gr_mobile_alpha_1.png	/ContentCommon/payments/icons/bank_icons/gr/mobweb/gr_mobileweb_alpha_1.svg
401779	Alpha Bank	/ContentCommon/payments/icons/bank_icons/gr/web/gr_web_alpha_1.svg	/ContentCommon/payments/icons/bank_icons/gr/mobile/gr_mobile_alpha_1.png	/ContentCommon/payments/icons/bank_icons/gr/mobweb/gr_mobileweb_alpha_1.svg
532192	Alpha Bank	/ContentCommon/payments/icons/bank_icons/gr/web/gr_web_alpha_1.svg	/ContentCommon/payments/icons/bank_icons/gr/mobile/gr_mobile_alpha_1.png	/ContentCommon/payments/icons/bank_icons/gr/mobweb/gr_mobileweb_alpha_1.svg
496099	Alpha Bank	/ContentCommon/payments/icons/bank_icons/gr/web/gr_web_alpha_1.svg	/ContentCommon/payments/icons/bank_icons/gr/mobile/gr_mobile_alpha_1.png	/ContentCommon/payments/icons/bank_icons/gr/mobweb/gr_mobileweb_alpha_1.svg
450903	Alpha Bank	/ContentCommon/payments/icons/bank_icons/gr/web/gr_web_alpha_1.svg	/ContentCommon/payments/icons/bank_icons/gr/mobile/gr_mobile_alpha_1.png	/ContentCommon/payments/icons/bank_icons/gr/mobweb/gr_mobileweb_alpha_1.svg
510099	Alpha Bank	/ContentCommon/payments/icons/bank_icons/gr/web/gr_web_alpha_1.svg	/ContentCommon/payments/icons/bank_icons/gr/mobile/gr_mobile_alpha_1.png	/ContentCommon/payments/icons/bank_icons/gr/mobweb/gr_mobileweb_alpha_1.svg
453212	Alpha Bank	/ContentCommon/payments/icons/bank_icons/gr/web/gr_web_alpha_1.svg	/ContentCommon/payments/icons/bank_icons/gr/mobile/gr_mobile_alpha_1.png	/ContentCommon/payments/icons/bank_icons/gr/mobweb/gr_mobileweb_alpha_1.svg
518992	Alpha Bank	/ContentCommon/payments/icons/bank_icons/gr/web/gr_web_alpha_1.svg	/ContentCommon/payments/icons/bank_icons/gr/mobile/gr_mobile_alpha_1.png	/ContentCommon/payments/icons/bank_icons/gr/mobweb/gr_mobileweb_alpha_1.svg
535018	Alpha Bank	/ContentCommon/payments/icons/bank_icons/gr/web/gr_web_alpha_1.svg	/ContentCommon/payments/icons/bank_icons/gr/mobile/gr_mobile_alpha_1.png	/ContentCommon/payments/icons/bank_icons/gr/mobweb/gr_mobileweb_alpha_1.svg
541308	Alpha Bank	/ContentCommon/payments/icons/bank_icons/gr/web/gr_web_alpha_1.svg	/ContentCommon/payments/icons/bank_icons/gr/mobile/gr_mobile_alpha_1.png	/ContentCommon/payments/icons/bank_icons/gr/mobweb/gr_mobileweb_alpha_1.svg
480946	Alpha Bank	/ContentCommon/payments/icons/bank_icons/gr/web/gr_web_alpha_1.svg	/ContentCommon/payments/icons/bank_icons/gr/mobile/gr_mobile_alpha_1.png	/ContentCommon/payments/icons/bank_icons/gr/mobweb/gr_mobileweb_alpha_1.svg
537485	Alpha Bank	/ContentCommon/payments/icons/bank_icons/gr/web/gr_web_alpha_1.svg	/ContentCommon/payments/icons/bank_icons/gr/mobile/gr_mobile_alpha_1.png	/ContentCommon/payments/icons/bank_icons/gr/mobweb/gr_mobileweb_alpha_1.svg
557378	Attica Bank	/ContentCommon/payments/icons/bank_icons/gr/web/gr_web_attica_1.svg	/ContentCommon/payments/icons/bank_icons/gr/mobile/gr_mobile_attica_1.png	/ContentCommon/payments/icons/bank_icons/gr/mobweb/gr_mobileweb_attica_1.svg
477178	Attica Bank	/ContentCommon/payments/icons/bank_icons/gr/web/gr_web_attica_1.svg	/ContentCommon/payments/icons/bank_icons/gr/mobile/gr_mobile_attica_1.png	/ContentCommon/payments/icons/bank_icons/gr/mobweb/gr_mobileweb_attica_1.svg
451174	Bank of Cyprus	/ContentCommon/payments/icons/bank_icons/gr/web/gr_web_bankofcyprus_1.svg	/ContentCommon/payments/icons/bank_icons/gr/mobile/gr_mobile_bankofcyprus_1.png	/ContentCommon/payments/icons/bank_icons/gr/mobweb/gr_mobileweb_bankofcyprus_1.svg
454891	Bank of Cyprus	/ContentCommon/payments/icons/bank_icons/gr/web/gr_web_bankofcyprus_1.svg	/ContentCommon/payments/icons/bank_icons/gr/mobile/gr_mobile_bankofcyprus_1.png	/ContentCommon/payments/icons/bank_icons/gr/mobweb/gr_mobileweb_bankofcyprus_1.svg
516732	Eurobank	/ContentCommon/payments/icons/bank_icons/gr/web/gr_web_eurobank_1.svg	/ContentCommon/payments/icons/bank_icons/gr/mobile/gr_mobile_eurobank_1.png	/ContentCommon/payments/icons/bank_icons/gr/mobweb/gr_mobileweb_eurobank_1.svg
557389	Eurobank	/ContentCommon/payments/icons/bank_icons/gr/web/gr_web_eurobank_1.svg	/ContentCommon/payments/icons/bank_icons/gr/mobile/gr_mobile_eurobank_1.png	/ContentCommon/payments/icons/bank_icons/gr/mobweb/gr_mobileweb_eurobank_1.svg
545865	Eurobank	/ContentCommon/payments/icons/bank_icons/gr/web/gr_web_eurobank_1.svg	/ContentCommon/payments/icons/bank_icons/gr/mobile/gr_mobile_eurobank_1.png	/ContentCommon/payments/icons/bank_icons/gr/mobweb/gr_mobileweb_eurobank_1.svg
479273	Eurobank	/ContentCommon/payments/icons/bank_icons/gr/web/gr_web_eurobank_1.svg	/ContentCommon/payments/icons/bank_icons/gr/mobile/gr_mobile_eurobank_1.png	/ContentCommon/payments/icons/bank_icons/gr/mobweb/gr_mobileweb_eurobank_1.svg
535195	Eurobank	/ContentCommon/payments/icons/bank_icons/gr/web/gr_web_eurobank_1.svg	/ContentCommon/payments/icons/bank_icons/gr/mobile/gr_mobile_eurobank_1.png	/ContentCommon/payments/icons/bank_icons/gr/mobweb/gr_mobileweb_eurobank_1.svg
418895	Eurobank	/ContentCommon/payments/icons/bank_icons/gr/web/gr_web_eurobank_1.svg	/ContentCommon/payments/icons/bank_icons/gr/mobile/gr_mobile_eurobank_1.png	/ContentCommon/payments/icons/bank_icons/gr/mobweb/gr_mobileweb_eurobank_1.svg
455039	Eurobank	/ContentCommon/payments/icons/bank_icons/gr/web/gr_web_eurobank_1.svg	/ContentCommon/payments/icons/bank_icons/gr/mobile/gr_mobile_eurobank_1.png	/ContentCommon/payments/icons/bank_icons/gr/mobweb/gr_mobileweb_eurobank_1.svg
479275	Eurobank	/ContentCommon/payments/icons/bank_icons/gr/web/gr_web_eurobank_1.svg	/ContentCommon/payments/icons/bank_icons/gr/mobile/gr_mobile_eurobank_1.png	/ContentCommon/payments/icons/bank_icons/gr/mobweb/gr_mobileweb_eurobank_1.svg
405784	Eurobank	/ContentCommon/payments/icons/bank_icons/gr/web/gr_web_eurobank_1.svg	/ContentCommon/payments/icons/bank_icons/gr/mobile/gr_mobile_eurobank_1.png	/ContentCommon/payments/icons/bank_icons/gr/mobweb/gr_mobileweb_eurobank_1.svg
479276	Eurobank	/ContentCommon/payments/icons/bank_icons/gr/web/gr_web_eurobank_1.svg	/ContentCommon/payments/icons/bank_icons/gr/mobile/gr_mobile_eurobank_1.png	/ContentCommon/payments/icons/bank_icons/gr/mobweb/gr_mobileweb_eurobank_1.svg
481097	Eurobank	/ContentCommon/payments/icons/bank_icons/gr/web/gr_web_eurobank_1.svg	/ContentCommon/payments/icons/bank_icons/gr/mobile/gr_mobile_eurobank_1.png	/ContentCommon/payments/icons/bank_icons/gr/mobweb/gr_mobileweb_eurobank_1.svg
533598	Eurobank	/ContentCommon/payments/icons/bank_icons/gr/web/gr_web_eurobank_1.svg	/ContentCommon/payments/icons/bank_icons/gr/mobile/gr_mobile_eurobank_1.png	/ContentCommon/payments/icons/bank_icons/gr/mobweb/gr_mobileweb_eurobank_1.svg
406301	Eurobank	/ContentCommon/payments/icons/bank_icons/gr/web/gr_web_eurobank_1.svg	/ContentCommon/payments/icons/bank_icons/gr/mobile/gr_mobile_eurobank_1.png	/ContentCommon/payments/icons/bank_icons/gr/mobweb/gr_mobileweb_eurobank_1.svg
539731	Eurobank	/ContentCommon/payments/icons/bank_icons/gr/web/gr_web_eurobank_1.svg	/ContentCommon/payments/icons/bank_icons/gr/mobile/gr_mobile_eurobank_1.png	/ContentCommon/payments/icons/bank_icons/gr/mobweb/gr_mobileweb_eurobank_1.svg
440621	Hellenic Bank	/ContentCommon/payments/icons/bank_icons/gr/web/gr_web_hellenic_1.svg	/ContentCommon/payments/icons/bank_icons/gr/mobile/gr_mobile_hellenic_1.png	/ContentCommon/payments/icons/bank_icons/gr/mobweb/gr_mobileweb_hellenic_1.svg
453755	iCard	/ContentCommon/payments/icons/bank_icons/gr/web/gr_web_icard_1.svg	/ContentCommon/payments/icons/bank_icons/gr/mobile/gr_mobile_icard_1.png	/ContentCommon/payments/icons/bank_icons/gr/mobweb/gr_mobileweb_icard_1.svg
483719	iCard	/ContentCommon/payments/icons/bank_icons/gr/web/gr_web_icard_1.svg	/ContentCommon/payments/icons/bank_icons/gr/mobile/gr_mobile_icard_1.png	/ContentCommon/payments/icons/bank_icons/gr/mobweb/gr_mobileweb_icard_1.svg
535584	N26	/ContentCommon/payments/icons/bank_icons/gr/web/gr_web_n26_1.svg	/ContentCommon/payments/icons/bank_icons/gr/mobile/gr_mobile_n26_1.png	/ContentCommon/payments/icons/bank_icons/gr/mobweb/gr_mobileweb_n26_1.svg
535585	N26	/ContentCommon/payments/icons/bank_icons/gr/web/gr_web_n26_1.svg	/ContentCommon/payments/icons/bank_icons/gr/mobile/gr_mobile_n26_1.png	/ContentCommon/payments/icons/bank_icons/gr/mobweb/gr_mobileweb_n26_1.svg
535142	National Bank of Greece	/ContentCommon/payments/icons/bank_icons/gr/web/gr_web_nbg_1.svg	/ContentCommon/payments/icons/bank_icons/gr/mobile/gr_mobile_nbg_1.png	/ContentCommon/payments/icons/bank_icons/gr/mobweb/gr_mobileweb_nbg_1.svg
416581	National Bank of Greece	/ContentCommon/payments/icons/bank_icons/gr/web/gr_web_nbg_1.svg	/ContentCommon/payments/icons/bank_icons/gr/mobile/gr_mobile_nbg_1.png	/ContentCommon/payments/icons/bank_icons/gr/mobweb/gr_mobileweb_nbg_1.svg
527890	National Bank of Greece	/ContentCommon/payments/icons/bank_icons/gr/web/gr_web_nbg_1.svg	/ContentCommon/payments/icons/bank_icons/gr/mobile/gr_mobile_nbg_1.png	/ContentCommon/payments/icons/bank_icons/gr/mobweb/gr_mobileweb_nbg_1.svg
442317	National Bank of Greece	/ContentCommon/payments/icons/bank_icons/gr/web/gr_web_nbg_1.svg	/ContentCommon/payments/icons/bank_icons/gr/mobile/gr_mobile_nbg_1.png	/ContentCommon/payments/icons/bank_icons/gr/mobweb/gr_mobileweb_nbg_1.svg
491791	National Bank of Greece	/ContentCommon/payments/icons/bank_icons/gr/web/gr_web_nbg_1.svg	/ContentCommon/payments/icons/bank_icons/gr/mobile/gr_mobile_nbg_1.png	/ContentCommon/payments/icons/bank_icons/gr/mobweb/gr_mobileweb_nbg_1.svg
533824	National Bank of Greece	/ContentCommon/payments/icons/bank_icons/gr/web/gr_web_nbg_1.svg	/ContentCommon/payments/icons/bank_icons/gr/mobile/gr_mobile_nbg_1.png	/ContentCommon/payments/icons/bank_icons/gr/mobweb/gr_mobileweb_nbg_1.svg
422164	National Bank of Greece	/ContentCommon/payments/icons/bank_icons/gr/web/gr_web_nbg_1.svg	/ContentCommon/payments/icons/bank_icons/gr/mobile/gr_mobile_nbg_1.png	/ContentCommon/payments/icons/bank_icons/gr/mobweb/gr_mobileweb_nbg_1.svg
535573	Optima Bank	/ContentCommon/payments/icons/bank_icons/gr/web/gr_web_optima_1.svg	/ContentCommon/payments/icons/bank_icons/gr/mobile/gr_mobile_optima_1.png	/ContentCommon/payments/icons/bank_icons/gr/mobweb/gr_mobileweb_optima_1.svg
516916	Pancreta Bank	/ContentCommon/payments/icons/bank_icons/gr/web/gr_web_pancreta_1.svg	/ContentCommon/payments/icons/bank_icons/gr/mobile/gr_mobile_pancreta_1.png	/ContentCommon/payments/icons/bank_icons/gr/mobweb/gr_mobileweb_pancreta_1.svg
430589	Piraeus Bank	/ContentCommon/payments/icons/bank_icons/gr/web/gr_web_piraeus_1.svg	/ContentCommon/payments/icons/bank_icons/gr/mobile/gr_mobile_piraeus_1.png	/ContentCommon/payments/icons/bank_icons/gr/mobweb/gr_mobileweb_piraeus_1.svg
516838	Piraeus Bank	/ContentCommon/payments/icons/bank_icons/gr/web/gr_web_piraeus_1.svg	/ContentCommon/payments/icons/bank_icons/gr/mobile/gr_mobile_piraeus_1.png	/ContentCommon/payments/icons/bank_icons/gr/mobweb/gr_mobileweb_piraeus_1.svg
498877	Piraeus Bank	/ContentCommon/payments/icons/bank_icons/gr/web/gr_web_piraeus_1.svg	/ContentCommon/payments/icons/bank_icons/gr/mobile/gr_mobile_piraeus_1.png	/ContentCommon/payments/icons/bank_icons/gr/mobweb/gr_mobileweb_piraeus_1.svg
490845	Piraeus Bank	/ContentCommon/payments/icons/bank_icons/gr/web/gr_web_piraeus_1.svg	/ContentCommon/payments/icons/bank_icons/gr/mobile/gr_mobile_piraeus_1.png	/ContentCommon/payments/icons/bank_icons/gr/mobweb/gr_mobileweb_piraeus_1.svg
520949	Piraeus Bank	/ContentCommon/payments/icons/bank_icons/gr/web/gr_web_piraeus_1.svg	/ContentCommon/payments/icons/bank_icons/gr/mobile/gr_mobile_piraeus_1.png	/ContentCommon/payments/icons/bank_icons/gr/mobweb/gr_mobileweb_piraeus_1.svg
510053	Piraeus Bank	/ContentCommon/payments/icons/bank_icons/gr/web/gr_web_piraeus_1.svg	/ContentCommon/payments/icons/bank_icons/gr/mobile/gr_mobile_piraeus_1.png	/ContentCommon/payments/icons/bank_icons/gr/mobweb/gr_mobileweb_piraeus_1.svg
441029	Piraeus Bank	/ContentCommon/payments/icons/bank_icons/gr/web/gr_web_piraeus_1.svg	/ContentCommon/payments/icons/bank_icons/gr/mobile/gr_mobile_piraeus_1.png	/ContentCommon/payments/icons/bank_icons/gr/mobweb/gr_mobileweb_piraeus_1.svg
557871	Piraeus Bank	/ContentCommon/payments/icons/bank_icons/gr/web/gr_web_piraeus_1.svg	/ContentCommon/payments/icons/bank_icons/gr/mobile/gr_mobile_piraeus_1.png	/ContentCommon/payments/icons/bank_icons/gr/mobweb/gr_mobileweb_piraeus_1.svg
531146	Piraeus Bank	/ContentCommon/payments/icons/bank_icons/gr/web/gr_web_piraeus_1.svg	/ContentCommon/payments/icons/bank_icons/gr/mobile/gr_mobile_piraeus_1.png	/ContentCommon/payments/icons/bank_icons/gr/mobweb/gr_mobileweb_piraeus_1.svg
430252	Piraeus Bank	/ContentCommon/payments/icons/bank_icons/gr/web/gr_web_piraeus_1.svg	/ContentCommon/payments/icons/bank_icons/gr/mobile/gr_mobile_piraeus_1.png	/ContentCommon/payments/icons/bank_icons/gr/mobweb/gr_mobileweb_piraeus_1.svg
402068	Piraeus Bank	/ContentCommon/payments/icons/bank_icons/gr/web/gr_web_piraeus_1.svg	/ContentCommon/payments/icons/bank_icons/gr/mobile/gr_mobile_piraeus_1.png	/ContentCommon/payments/icons/bank_icons/gr/mobweb/gr_mobileweb_piraeus_1.svg
490846	Piraeus Bank	/ContentCommon/payments/icons/bank_icons/gr/web/gr_web_piraeus_1.svg	/ContentCommon/payments/icons/bank_icons/gr/mobile/gr_mobile_piraeus_1.png	/ContentCommon/payments/icons/bank_icons/gr/mobweb/gr_mobileweb_piraeus_1.svg
524596	Piraeus Bank	/ContentCommon/payments/icons/bank_icons/gr/web/gr_web_piraeus_1.svg	/ContentCommon/payments/icons/bank_icons/gr/mobile/gr_mobile_piraeus_1.png	/ContentCommon/payments/icons/bank_icons/gr/mobweb/gr_mobileweb_piraeus_1.svg
534228	Piraeus Bank	/ContentCommon/payments/icons/bank_icons/gr/web/gr_web_piraeus_1.svg	/ContentCommon/payments/icons/bank_icons/gr/mobile/gr_mobile_piraeus_1.png	/ContentCommon/payments/icons/bank_icons/gr/mobweb/gr_mobileweb_piraeus_1.svg
518516	Piraeus Bank	/ContentCommon/payments/icons/bank_icons/gr/web/gr_web_piraeus_1.svg	/ContentCommon/payments/icons/bank_icons/gr/mobile/gr_mobile_piraeus_1.png	/ContentCommon/payments/icons/bank_icons/gr/mobweb/gr_mobileweb_piraeus_1.svg
528055	Piraeus Bank	/ContentCommon/payments/icons/bank_icons/gr/web/gr_web_piraeus_1.svg	/ContentCommon/payments/icons/bank_icons/gr/mobile/gr_mobile_piraeus_1.png	/ContentCommon/payments/icons/bank_icons/gr/mobweb/gr_mobileweb_piraeus_1.svg
416598	Revolut	/ContentCommon/payments/icons/bank_icons/gr/web/gr_web_revolut_1.svg	/ContentCommon/payments/icons/bank_icons/gr/mobile/gr_mobile_revolut_1.png	/ContentCommon/payments/icons/bank_icons/gr/mobweb/gr_mobileweb_revolut_1.svg
535456	Revolut	/ContentCommon/payments/icons/bank_icons/gr/web/gr_web_revolut_1.svg	/ContentCommon/payments/icons/bank_icons/gr/mobile/gr_mobile_revolut_1.png	/ContentCommon/payments/icons/bank_icons/gr/mobweb/gr_mobileweb_revolut_1.svg
516794	Revolut	/ContentCommon/payments/icons/bank_icons/gr/web/gr_web_revolut_1.svg	/ContentCommon/payments/icons/bank_icons/gr/mobile/gr_mobile_revolut_1.png	/ContentCommon/payments/icons/bank_icons/gr/mobweb/gr_mobileweb_revolut_1.svg
416549	Revolut	/ContentCommon/payments/icons/bank_icons/gr/web/gr_web_revolut_1.svg	/ContentCommon/payments/icons/bank_icons/gr/mobile/gr_mobile_revolut_1.png	/ContentCommon/payments/icons/bank_icons/gr/mobweb/gr_mobileweb_revolut_1.svg
527346	Revolut	/ContentCommon/payments/icons/bank_icons/gr/web/gr_web_revolut_1.svg	/ContentCommon/payments/icons/bank_icons/gr/mobile/gr_mobile_revolut_1.png	/ContentCommon/payments/icons/bank_icons/gr/mobweb/gr_mobileweb_revolut_1.svg
459654	Revolut	/ContentCommon/payments/icons/bank_icons/gr/web/gr_web_revolut_1.svg	/ContentCommon/payments/icons/bank_icons/gr/mobile/gr_mobile_revolut_1.png	/ContentCommon/payments/icons/bank_icons/gr/mobweb/gr_mobileweb_revolut_1.svg
411653	United Bulgarian Bank	/ContentCommon/payments/icons/bank_icons/gr/web/gr_web_ubb_1.svg	/ContentCommon/payments/icons/bank_icons/gr/mobile/gr_mobile_ubb_1.png	/ContentCommon/payments/icons/bank_icons/gr/mobweb/gr_mobileweb_ubb_1.svg
537535	Viva Wallet	/ContentCommon/payments/icons/bank_icons/gr/web/gr_web_viva_wallet_1.svg	/ContentCommon/payments/icons/bank_icons/gr/mobile/gr_mobile_viva_wallet_1.png	/ContentCommon/payments/icons/bank_icons/gr/mobweb/gr_mobileweb_viva_wallet_1.svg
474503	Yorkshire Bank	/ContentCommon/payments/icons/bank_icons/gr/web/gr_web_yorkshire_1.svg	/ContentCommon/payments/icons/bank_icons/gr/mobile/gr_mobile_yorkshire_1.png	/ContentCommon/payments/icons/bank_icons/gr/mobweb/gr_mobileweb_yorkshire_1.svg
425519		/ContentCommon/payments/icons/bank_icons/by/web/by_web_belarus_1.svg	/ContentCommon/payments/icons/bank_icons/by/mobile/by_mobile_belarus_1.png	/ContentCommon/payments/icons/bank_icons/by/mobweb/by_mobileweb_belarus_1.svg
547087		/ContentCommon/payments/icons/bank_icons/by/web/by_web_belarus_1.svg	/ContentCommon/payments/icons/bank_icons/by/mobile/by_mobile_belarus_1.png	/ContentCommon/payments/icons/bank_icons/by/mobweb/by_mobileweb_belarus_1.svg
553608		/ContentCommon/payments/icons/bank_icons/by/web/by_web_belarus_1.svg	/ContentCommon/payments/icons/bank_icons/by/mobile/by_mobile_belarus_1.png	/ContentCommon/payments/icons/bank_icons/by/mobweb/by_mobileweb_belarus_1.svg
671177		/ContentCommon/payments/icons/bank_icons/by/web/by_web_belarus_1.svg	/ContentCommon/payments/icons/bank_icons/by/mobile/by_mobile_belarus_1.png	/ContentCommon/payments/icons/bank_icons/by/mobweb/by_mobileweb_belarus_1.svg
424641		/ContentCommon/payments/icons/bank_icons/by/web/by_web_belarus_1.svg	/ContentCommon/payments/icons/bank_icons/by/mobile/by_mobile_belarus_1.png	/ContentCommon/payments/icons/bank_icons/by/mobweb/by_mobileweb_belarus_1.svg
671176		/ContentCommon/payments/icons/bank_icons/by/web/by_web_belarus_1.svg	/ContentCommon/payments/icons/bank_icons/by/mobile/by_mobile_belarus_1.png	/ContentCommon/payments/icons/bank_icons/by/mobweb/by_mobileweb_belarus_1.svg
671129		/ContentCommon/payments/icons/bank_icons/by/web/by_web_belarus_1.svg	/ContentCommon/payments/icons/bank_icons/by/mobile/by_mobile_belarus_1.png	/ContentCommon/payments/icons/bank_icons/by/mobweb/by_mobileweb_belarus_1.svg
491698		/ContentCommon/payments/icons/bank_icons/by/web/by_web_prior_1.svg	/ContentCommon/payments/icons/bank_icons/by/mobile/by_mobile_prior_1.png	/ContentCommon/payments/icons/bank_icons/by/mobweb/by_mobileweb_prior_1.svg
464132		/ContentCommon/payments/icons/bank_icons/by/web/by_web_prior_1.svg	/ContentCommon/payments/icons/bank_icons/by/mobile/by_mobile_prior_1.png	/ContentCommon/payments/icons/bank_icons/by/mobweb/by_mobileweb_prior_1.svg
532658		/ContentCommon/payments/icons/bank_icons/by/web/by_web_prior_1.svg	/ContentCommon/payments/icons/bank_icons/by/mobile/by_mobile_prior_1.png	/ContentCommon/payments/icons/bank_icons/by/mobweb/by_mobileweb_prior_1.svg
446390		/ContentCommon/payments/icons/bank_icons/by/web/by_web_prior_1.svg	/ContentCommon/payments/icons/bank_icons/by/mobile/by_mobile_prior_1.png	/ContentCommon/payments/icons/bank_icons/by/mobweb/by_mobileweb_prior_1.svg
445987		/ContentCommon/payments/icons/bank_icons/by/web/by_web_prior_1.svg	/ContentCommon/payments/icons/bank_icons/by/mobile/by_mobile_prior_1.png	/ContentCommon/payments/icons/bank_icons/by/mobweb/by_mobileweb_prior_1.svg
548952		/ContentCommon/payments/icons/bank_icons/by/web/by_web_prior_1.svg	/ContentCommon/payments/icons/bank_icons/by/mobile/by_mobile_prior_1.png	/ContentCommon/payments/icons/bank_icons/by/mobweb/by_mobileweb_prior_1.svg
911238		/ContentCommon/payments/icons/bank_icons/by/web/by_web_tb_1.svg	/ContentCommon/payments/icons/bank_icons/by/mobile/by_mobile_prior_1.png	/ContentCommon/payments/icons/bank_icons/by/mobweb/by_mobileweb_prior_1.svg
414298		/ContentCommon/payments/icons/bank_icons/by/web/by_web_tb_1.svg	/ContentCommon/payments/icons/bank_icons/by/mobile/by_mobile_prior_1.png	/ContentCommon/payments/icons/bank_icons/by/mobweb/by_mobileweb_prior_1.svg
520813	-	/ContentCommon/payments/icons/bank_icons/by/web/by_web_alfa_1.svg	/ContentCommon/payments/icons/bank_icons/by/mobile/by_mobile_alfa_1.png	/ContentCommon/payments/icons/bank_icons/by/mobweb/by_mobileweb_alfa_1.svg
458522	-	/ContentCommon/payments/icons/bank_icons/by/web/by_web_alfa_1.svg	/ContentCommon/payments/icons/bank_icons/by/mobile/by_mobile_alfa_1.png	/ContentCommon/payments/icons/bank_icons/by/mobweb/by_mobileweb_alfa_1.svg
406127	-	/ContentCommon/payments/icons/bank_icons/by/web/by_web_alfa_1.svg	/ContentCommon/payments/icons/bank_icons/by/mobile/by_mobile_alfa_1.png	/ContentCommon/payments/icons/bank_icons/by/mobweb/by_mobileweb_alfa_1.svg
544650	-	/ContentCommon/payments/icons/bank_icons/by/web/by_web_alfa_1.svg	/ContentCommon/payments/icons/bank_icons/by/mobile/by_mobile_alfa_1.png	/ContentCommon/payments/icons/bank_icons/by/mobweb/by_mobileweb_alfa_1.svg
458521	-	/ContentCommon/payments/icons/bank_icons/by/web/by_web_alfa_1.svg	/ContentCommon/payments/icons/bank_icons/by/mobile/by_mobile_alfa_1.png	/ContentCommon/payments/icons/bank_icons/by/mobweb/by_mobileweb_alfa_1.svg
437350	-	/ContentCommon/payments/icons/bank_icons/by/web/by_web_alfa_1.svg	/ContentCommon/payments/icons/bank_icons/by/mobile/by_mobile_alfa_1.png	/ContentCommon/payments/icons/bank_icons/by/mobweb/by_mobileweb_alfa_1.svg
544206	-	/ContentCommon/payments/icons/bank_icons/by/web/by_web_alfa_1.svg	/ContentCommon/payments/icons/bank_icons/by/mobile/by_mobile_alfa_1.png	/ContentCommon/payments/icons/bank_icons/by/mobweb/by_mobileweb_alfa_1.svg
458520	-	/ContentCommon/payments/icons/bank_icons/by/web/by_web_alfa_1.svg	/ContentCommon/payments/icons/bank_icons/by/mobile/by_mobile_alfa_1.png	/ContentCommon/payments/icons/bank_icons/by/mobweb/by_mobileweb_alfa_1.svg
535104		/ContentCommon/payments/icons/bank_icons/by/web/by_web_mt_1.svg	/ContentCommon/payments/icons/bank_icons/by/mobile/by_mobile_mt_1.png	/ContentCommon/payments/icons/bank_icons/by/mobweb/by_mobileweb_mt_1.svg
554832		/ContentCommon/payments/icons/bank_icons/by/web/by_web_mt_1.svg	/ContentCommon/payments/icons/bank_icons/by/mobile/by_mobile_mt_1.png	/ContentCommon/payments/icons/bank_icons/by/mobweb/by_mobileweb_mt_1.svg
417753		/ContentCommon/payments/icons/bank_icons/by/web/by_web_mt_1.svg	/ContentCommon/payments/icons/bank_icons/by/mobile/by_mobile_mt_1.png	/ContentCommon/payments/icons/bank_icons/by/mobweb/by_mobileweb_mt_1.svg
543553	-	/ContentCommon/payments/icons/bank_icons/by/web/by_web_sber_1.svg	/ContentCommon/payments/icons/bank_icons/by/mobile/by_mobile_sber_1.png	/ContentCommon/payments/icons/bank_icons/by/mobweb/by_mobileweb_sber_1.svg
460257	-	/ContentCommon/payments/icons/bank_icons/by/web/by_web_sber_1.svg	/ContentCommon/payments/icons/bank_icons/by/mobile/by_mobile_sber_1.png	/ContentCommon/payments/icons/bank_icons/by/mobweb/by_mobileweb_sber_1.svg
449655	-	/ContentCommon/payments/icons/bank_icons/by/web/by_web_sber_1.svg	/ContentCommon/payments/icons/bank_icons/by/mobile/by_mobile_sber_1.png	/ContentCommon/payments/icons/bank_icons/by/mobweb/by_mobileweb_sber_1.svg
463903	-	/ContentCommon/payments/icons/bank_icons/by/web/by_web_sber_1.svg	/ContentCommon/payments/icons/bank_icons/by/mobile/by_mobile_sber_1.png	/ContentCommon/payments/icons/bank_icons/by/mobweb/by_mobileweb_sber_1.svg
527841	-	/ContentCommon/payments/icons/bank_icons/by/web/by_web_sber_1.svg	/ContentCommon/payments/icons/bank_icons/by/mobile/by_mobile_sber_1.png	/ContentCommon/payments/icons/bank_icons/by/mobweb/by_mobileweb_sber_1.svg
432037		/ContentCommon/payments/icons/bank_icons/by/web/by_web_belap_1.svg	/ContentCommon/payments/icons/bank_icons/by/mobile/by_mobile_belap_1.png	/ContentCommon/payments/icons/bank_icons/by/mobweb/by_mobileweb_belap_1.svg
532308		/ContentCommon/payments/icons/bank_icons/by/web/by_web_belap_1.svg	/ContentCommon/payments/icons/bank_icons/by/mobile/by_mobile_belap_1.png	/ContentCommon/payments/icons/bank_icons/by/mobweb/by_mobileweb_belap_1.svg
522208		/ContentCommon/payments/icons/bank_icons/by/web/by_web_belap_1.svg	/ContentCommon/payments/icons/bank_icons/by/mobile/by_mobile_belap_1.png	/ContentCommon/payments/icons/bank_icons/by/mobweb/by_mobileweb_belap_1.svg
432038		/ContentCommon/payments/icons/bank_icons/by/web/by_web_belap_1.svg	/ContentCommon/payments/icons/bank_icons/by/mobile/by_mobile_belap_1.png	/ContentCommon/payments/icons/bank_icons/by/mobweb/by_mobileweb_belap_1.svg
520195		/ContentCommon/payments/icons/bank_icons/by/web/by_web_belap_1.svg	/ContentCommon/payments/icons/bank_icons/by/mobile/by_mobile_belap_1.png	/ContentCommon/payments/icons/bank_icons/by/mobweb/by_mobileweb_belap_1.svg
428621		/ContentCommon/payments/icons/bank_icons/by/web/by_web_belap_1.svg	/ContentCommon/payments/icons/bank_icons/by/mobile/by_mobile_belap_1.png	/ContentCommon/payments/icons/bank_icons/by/mobweb/by_mobileweb_belap_1.svg
512722		/ContentCommon/payments/icons/bank_icons/by/web/by_web_belap_1.svg	/ContentCommon/payments/icons/bank_icons/by/mobile/by_mobile_belap_1.png	/ContentCommon/payments/icons/bank_icons/by/mobweb/by_mobileweb_belap_1.svg
557884		/ContentCommon/payments/icons/bank_icons/by/web/by_web_belinvest_1.svg	/ContentCommon/payments/icons/bank_icons/by/mobile/by_mobile_belinvest_1.png	/ContentCommon/payments/icons/bank_icons/by/mobweb/by_mobileweb_belinvest_1.svg
434484		/ContentCommon/payments/icons/bank_icons/by/web/by_web_belinvest_1.svg	/ContentCommon/payments/icons/bank_icons/by/mobile/by_mobile_belinvest_1.png	/ContentCommon/payments/icons/bank_icons/by/mobweb/by_mobileweb_belinvest_1.svg
911239		/ContentCommon/payments/icons/bank_icons/by/web/by_web_belinvest_1.svg	/ContentCommon/payments/icons/bank_icons/by/mobile/by_mobile_belinvest_1.png	/ContentCommon/payments/icons/bank_icons/by/mobweb/by_mobileweb_belinvest_1.svg
434485		/ContentCommon/payments/icons/bank_icons/by/web/by_web_belinvest_1.svg	/ContentCommon/payments/icons/bank_icons/by/mobile/by_mobile_belinvest_1.png	/ContentCommon/payments/icons/bank_icons/by/mobweb/by_mobileweb_belinvest_1.svg
557885		/ContentCommon/payments/icons/bank_icons/by/web/by_web_belinvest_1.svg	/ContentCommon/payments/icons/bank_icons/by/mobile/by_mobile_belinvest_1.png	/ContentCommon/payments/icons/bank_icons/by/mobweb/by_mobileweb_belinvest_1.svg
671127		/ContentCommon/payments/icons/bank_icons/by/web/by_web_belinvest_1.svg	/ContentCommon/payments/icons/bank_icons/by/mobile/by_mobile_belinvest_1.png	/ContentCommon/payments/icons/bank_icons/by/mobweb/by_mobileweb_belinvest_1.svg
529922		/ContentCommon/payments/icons/bank_icons/by/web/by_web_belgazprom_1.svg	/ContentCommon/payments/icons/bank_icons/by/mobile/by_mobile_belgazprom_1.png	/ContentCommon/payments/icons/bank_icons/by/mobweb/by_mobileweb_belgazprom_1.svg
535705		/ContentCommon/payments/icons/bank_icons/by/web/by_web_belgazprom_1.svg	/ContentCommon/payments/icons/bank_icons/by/mobile/by_mobile_belgazprom_1.png	/ContentCommon/payments/icons/bank_icons/by/mobweb/by_mobileweb_belgazprom_1.svg
518597		/ContentCommon/payments/icons/bank_icons/by/web/by_web_belgazprom_1.svg	/ContentCommon/payments/icons/bank_icons/by/mobile/by_mobile_belgazprom_1.png	/ContentCommon/payments/icons/bank_icons/by/mobweb/by_mobileweb_belgazprom_1.svg
539214		/ContentCommon/payments/icons/bank_icons/by/web/by_web_belveb_1.svg	/ContentCommon/payments/icons/bank_icons/by/mobile/by_mobile_belveb_1.png	/ContentCommon/payments/icons/bank_icons/by/mobweb/by_mobileweb_belveb_1.svg
447515		/ContentCommon/payments/icons/bank_icons/by/web/by_web_belveb_1.svg	/ContentCommon/payments/icons/bank_icons/by/mobile/by_mobile_belveb_1.png	/ContentCommon/payments/icons/bank_icons/by/mobweb/by_mobileweb_belveb_1.svg
527797		/ContentCommon/payments/icons/bank_icons/by/web/by_web_belveb_1.svg	/ContentCommon/payments/icons/bank_icons/by/mobile/by_mobile_belveb_1.png	/ContentCommon/payments/icons/bank_icons/by/mobweb/by_mobileweb_belveb_1.svg
545621		/ContentCommon/payments/icons/bank_icons/by/web/by_web_belveb_1.svg	/ContentCommon/payments/icons/bank_icons/by/mobile/by_mobile_belveb_1.png	/ContentCommon/payments/icons/bank_icons/by/mobweb/by_mobileweb_belveb_1.svg
544578		/ContentCommon/payments/icons/bank_icons/by/web/by_web_belveb_1.svg	/ContentCommon/payments/icons/bank_icons/by/mobile/by_mobile_belveb_1.png	/ContentCommon/payments/icons/bank_icons/by/mobweb/by_mobileweb_belveb_1.svg
526552	-	/ContentCommon/payments/icons/bank_icons/by/web/by_web_bnb_1.svg	/ContentCommon/payments/icons/bank_icons/by/mobile/by_mobile_bnb_1.png	/ContentCommon/payments/icons/bank_icons/by/mobweb/by_mobileweb_bnb_1.svg
559268	-	/ContentCommon/payments/icons/bank_icons/by/web/by_web_bnb_1.svg	/ContentCommon/payments/icons/bank_icons/by/mobile/by_mobile_bnb_1.png	/ContentCommon/payments/icons/bank_icons/by/mobweb/by_mobileweb_bnb_1.svg
482801	 	/ContentCommon/payments/icons/bank_icons/by/web/by_web_rrb_1.svg	/ContentCommon/payments/icons/bank_icons/by/mobile/by_mobile_rrb_1.png	/ContentCommon/payments/icons/bank_icons/by/mobweb/by_mobileweb_rrb_1.svg
514421	 	/ContentCommon/payments/icons/bank_icons/by/web/by_web_bsb_1.svg	/ContentCommon/payments/icons/bank_icons/by/mobile/by_mobile_bsb_1.png	/ContentCommon/payments/icons/bank_icons/by/mobweb/by_mobileweb_bsb_1.svg
460122	 	/ContentCommon/payments/icons/bank_icons/by/web/by_web_bsb_1.svg	/ContentCommon/payments/icons/bank_icons/by/mobile/by_mobile_bsb_1.png	/ContentCommon/payments/icons/bank_icons/by/mobweb/by_mobileweb_bsb_1.svg
